{
  "buildCommand": "npm run build",
  "devCommand": "npm run dev",
  "installCommand": "npm install",
  "framework": "nextjs",
  "functions": {
    "app/api/**/*.ts": {
      "maxDuration": 30
    }
  },
  "headers": [
    {
      "source": "/(.*)",
      "headers": [
        {
          "key": "X-Frame-Options",
          "value": "DENY"
        },
        {
          "key": "X-Content-Type-Options",
          "value": "nosniff"
        },
        {
          "key": "Referrer-Policy",
          "value": "strict-origin-when-cross-origin"
        },
        {
          "key": "X-XSS-Protection",
          "value": "1; mode=block"
        }
      ]
    }
  ],
  "rewrites": [
    {
      "source": "/api/auth/(.*)",
      "destination": "/api/auth/$1"
    }
  ]
}
